<pages>
<link>
<title>Templates</title>
<url>http://www.oneeris.com/templates.html</url>
</link>
<link>
<title>Tutorials</title>
<url>http://www.oneeris.com/tutorials.html</url>
</link>
<link>
<title>Html Home</title>
<url>http://www.oneeris.com/tutorials/html/html-home.html</url>
</link>
<link>
<title>Photoshop</title>
<url>http://www.oneeris.com/tutorials/photoshop/photoshop-home.html</url>
</link>
<link>
<title>Bootstrap</title>
<url>http://www.oneeris.com/templates/bootstrap-templates.html</url>
</link>
<link>
<title>Logos</title>
<url>http://www.oneeris.com/templates/logo.html</url>
</link>

</pages>