<?xml version="1.0" encoding="UTF-8"?>
<?xml-stylesheet type="text/xml" href="Employee.xsl" version="2.0"?>
<Employee>
    <s>
        <EmpId>1</EmpId>
        <EmpName>Shahid</EmpName>
        <Department>Law</Department>
        <Salary>710000</Salary>
        <Notes>Best</Notes>
     </s>
     <s>
        <EmpId>2</EmpId>
        <EmpName>Raj</EmpName>
        <Department>Mechanical</Department>
        <Salary>202000</Salary>
        <Notes>Good</Notes>
    </s>
    <s>
        <EmpId>3</EmpId>
        <EmpName>Sid</EmpName>
        <Department>Civil</Department>
        <Salary>700200</Salary>
        <Notes>Bad</Notes>
    </s>
    <s>
        <EmpId>4</EmpId>
        <EmpName>Baburao</EmpName> 
        <Department>ENTC</Department>
        <Salary>16000</Salary>
        <Notes>Bad</Notes>
    </s>
    <s>
        <EmpId>5</EmpId>
        <EmpName>Shyam</EmpName>
        <Department>IT</Department>
        <Salary>17000</Salary>
        <Notes>Good</Notes>
    </s>
</Employee>