<?xml version="1.0" encoding="UTF-8"?>
<?xml-stylesheet type="text/xml" href="Employee.xsl" version="2.0"?>
<Employee>
    <s>
        <EmpId>1</EmpId>
        <EmpName>Person 1</EmpName>
        <Department>CS</Department>
        <Salary>70000</Salary>
        <Notes>good</Notes>
     </s>
     <s>
        <EmpId>2</EmpId>
        <EmpName>Person 2</EmpName>
        <Department> Mech</Department>
        <Salary>20000</Salary>
        <Notes>Good</Notes>
    </s>
    <s>
        <EmpId>2</EmpId>
        <EmpName>Person 2</EmpName>
        <Department>Civil</Department>
        <Salary>70000</Salary>
        <Notes>Bad</Notes>
    </s>
    <s>
        <EmpId>3</EmpId>
        <EmpName>Person 3</EmpName>
        <Department>ENTC</Department>
        <Salary>16000</Salary>
        <Notes>Bad</Notes>
    </s>
    <s>
        <EmpId>4</EmpId>
        <EmpName>Person 4</EmpName>
        <Department>IT</Department>
        <Salary>17000</Salary>
        <Notes>Good</Notes>
    </s>
</Employee>
